<?xml version="1.0"?>
<doc>
    <assembly>
        <name>Microsoft.Extensions.FileProviders.Embedded</name>
    </assembly>
    <members>
        <member name="T:Microsoft.Extensions.FileProviders.EmbeddedFileProvider">
            <summary>
            Looks up files using embedded resources in the specified assembly.
            This file provider is case sensitive.
            </summary>
        </member>
        <member name="M:Microsoft.Extensions.FileProviders.EmbeddedFileProvider.#ctor(System.Reflection.Assembly)">
            <summary>
            Initializes a new instance of the <see cref="T:Microsoft.Extensions.FileProviders.EmbeddedFileProvider" /> class using the specified
            assembly with the base namespace defaulting to the assembly name.
            </summary>
            <param name="assembly">The assembly that contains the embedded resources.</param>
        </member>
        <member name="M:Microsoft.Extensions.FileProviders.EmbeddedFileProvider.#ctor(System.Reflection.Assembly,System.String)">
            <summary>
            Initializes a new instance of the <see cref="T:Microsoft.Extensions.FileProviders.EmbeddedFileProvider" /> class using the specified
            assembly and base namespace.
            </summary>
            <param name="assembly">The assembly that contains the embedded resources.</param>
            <param name="baseNamespace">The base namespace that contains the embedded resources.</param>
        </member>
        <member name="M:Microsoft.Extensions.FileProviders.EmbeddedFileProvider.GetFileInfo(System.String)">
            <summary>
            Locates a file at the given path.
            </summary>
            <param name="subpath">The path that identifies the file. </param>
            <returns>
            The file information. Caller must check Exists property. A <see cref="T:Microsoft.Extensions.FileProviders.NotFoundFileInfo" /> if the file could
            not be found.
            </returns>
        </member>
        <member name="M:Microsoft.Extensions.FileProviders.EmbeddedFileProvider.GetDirectoryContents(System.String)">
            <summary>
            Enumerate a directory at the given path, if any.
            This file provider uses a flat directory structure. Everything under the base namespace is considered to be one
            directory.
            </summary>
            <param name="subpath">The path that identifies the directory</param>
            <returns>
            Contents of the directory. Caller must check Exists property. A <see cref="T:Microsoft.Extensions.FileProviders.NotFoundDirectoryContents" /> if no
            resources were found that match <paramref name="subpath" />
            </returns>
        </member>
        <member name="M:Microsoft.Extensions.FileProviders.EmbeddedFileProvider.Watch(System.String)">
            <summary>
            Embedded files do not change.
            </summary>
            <param name="pattern">This parameter is ignored</param>
            <returns>A <see cref="T:Microsoft.Extensions.FileProviders.NullChangeToken" /></returns>
        </member>
        <member name="M:Microsoft.Extensions.FileProviders.EmbeddedFileProvider.IsValidEverettIdFirstChar(System.Char)">
            <summary>
            Is the character a valid first Everett identifier character?
            </summary>
        </member>
        <member name="M:Microsoft.Extensions.FileProviders.EmbeddedFileProvider.IsValidEverettIdChar(System.Char)">
            <summary>
            Is the character a valid Everett identifier character?
            </summary>
        </member>
        <member name="M:Microsoft.Extensions.FileProviders.EmbeddedFileProvider.MakeValidEverettSubFolderIdentifier(System.Text.StringBuilder,System.String)">
            <summary>
            Make a folder subname into an Everett-compatible identifier 
            </summary>
        </member>
        <member name="M:Microsoft.Extensions.FileProviders.EmbeddedFileProvider.MakeValidEverettFolderIdentifier(System.Text.StringBuilder,System.String)">
            <summary>
            Make a folder name into an Everett-compatible identifier
            </summary>
        </member>
        <member name="M:Microsoft.Extensions.FileProviders.EmbeddedFileProvider.MakeValidEverettIdentifier(System.String)">
            <summary>
            This method is provided for compatibility with Everett which used to convert parts of resource names into
            valid identifiers
            </summary>
        </member>
        <member name="T:Microsoft.Extensions.FileProviders.Embedded.EmbeddedResourceFileInfo">
            <summary>
            Represents a file embedded in an assembly.
            </summary>
        </member>
        <member name="M:Microsoft.Extensions.FileProviders.Embedded.EmbeddedResourceFileInfo.#ctor(System.Reflection.Assembly,System.String,System.String,System.DateTimeOffset)">
            <summary>
            Initializes a new instance of <see cref="T:Microsoft.Extensions.FileProviders.EmbeddedFileProvider"/> for an assembly using <paramref name="resourcePath"/> as the base
            </summary>
            <param name="assembly">The assembly that contains the embedded resource</param>
            <param name="resourcePath">The path to the embedded resource</param>
            <param name="name">An arbitrary name for this instance</param>
            <param name="lastModified">The <see cref="T:System.DateTimeOffset" /> to use for <see cref="P:Microsoft.Extensions.FileProviders.Embedded.EmbeddedResourceFileInfo.LastModified" /></param>
        </member>
        <member name="P:Microsoft.Extensions.FileProviders.Embedded.EmbeddedResourceFileInfo.Exists">
            <summary>
            Always true.
            </summary>
        </member>
        <member name="P:Microsoft.Extensions.FileProviders.Embedded.EmbeddedResourceFileInfo.Length">
            <summary>
            The length, in bytes, of the embedded resource
            </summary>
        </member>
        <member name="P:Microsoft.Extensions.FileProviders.Embedded.EmbeddedResourceFileInfo.PhysicalPath">
            <summary>
            Always null.
            </summary>
        </member>
        <member name="P:Microsoft.Extensions.FileProviders.Embedded.EmbeddedResourceFileInfo.Name">
            <summary>
            The name of embedded file
            </summary>
        </member>
        <member name="P:Microsoft.Extensions.FileProviders.Embedded.EmbeddedResourceFileInfo.LastModified">
            <summary>
            The time, in UTC, when the <see cref="T:Microsoft.Extensions.FileProviders.EmbeddedFileProvider"/> was created
            </summary>
        </member>
        <member name="P:Microsoft.Extensions.FileProviders.Embedded.EmbeddedResourceFileInfo.IsDirectory">
            <summary>
            Always false.
            </summary>
        </member>
        <member name="M:Microsoft.Extensions.FileProviders.Embedded.EmbeddedResourceFileInfo.CreateReadStream">
            <inheritdoc />
        </member>
        <member name="T:Microsoft.Extensions.FileProviders.ManifestEmbeddedFileProvider">
            <summary>
            An embedded file provider that uses a manifest compiled in the assembly to
            reconstruct the original paths of the embedded files when they were embedded
            into the assembly.
            </summary>
        </member>
        <member name="M:Microsoft.Extensions.FileProviders.ManifestEmbeddedFileProvider.#ctor(System.Reflection.Assembly)">
            <summary>
            Initializes a new instance of <see cref="T:Microsoft.Extensions.FileProviders.ManifestEmbeddedFileProvider"/>.
            </summary>
            <param name="assembly">The assembly containing the embedded files.</param>
        </member>
        <member name="M:Microsoft.Extensions.FileProviders.ManifestEmbeddedFileProvider.#ctor(System.Reflection.Assembly,System.String)">
            <summary>
            Initializes a new instance of <see cref="T:Microsoft.Extensions.FileProviders.ManifestEmbeddedFileProvider"/>.
            </summary>
            <param name="assembly">The assembly containing the embedded files.</param>
            <param name="root">The relative path from the root of the manifest to use as root for the provider.</param>
        </member>
        <member name="M:Microsoft.Extensions.FileProviders.ManifestEmbeddedFileProvider.#ctor(System.Reflection.Assembly,System.String,System.DateTimeOffset)">
            <summary>
            Initializes a new instance of <see cref="T:Microsoft.Extensions.FileProviders.ManifestEmbeddedFileProvider"/>.
            </summary>
            <param name="assembly">The assembly containing the embedded files.</param>
            <param name="root">The relative path from the root of the manifest to use as root for the provider.</param>
            <param name="lastModified">The LastModified date to use on the <see cref="T:Microsoft.Extensions.FileProviders.IFileInfo"/> instances
            returned by this <see cref="T:Microsoft.Extensions.FileProviders.IFileProvider"/>.</param>
        </member>
        <member name="M:Microsoft.Extensions.FileProviders.ManifestEmbeddedFileProvider.#ctor(System.Reflection.Assembly,System.String,System.String,System.DateTimeOffset)">
            <summary>
            Initializes a new instance of <see cref="T:Microsoft.Extensions.FileProviders.ManifestEmbeddedFileProvider"/>.
            </summary>
            <param name="assembly">The assembly containing the embedded files.</param>
            <param name="root">The relative path from the root of the manifest to use as root for the provider.</param>
            <param name="manifestName">The name of the embedded resource containing the manifest.</param>
            <param name="lastModified">The LastModified date to use on the <see cref="T:Microsoft.Extensions.FileProviders.IFileInfo"/> instances
            returned by this <see cref="T:Microsoft.Extensions.FileProviders.IFileProvider"/>.</param>
        </member>
        <member name="P:Microsoft.Extensions.FileProviders.ManifestEmbeddedFileProvider.Assembly">
            <summary>
            Gets the <see cref="P:Microsoft.Extensions.FileProviders.ManifestEmbeddedFileProvider.Assembly"/> for this provider.
            </summary>
        </member>
        <member name="M:Microsoft.Extensions.FileProviders.ManifestEmbeddedFileProvider.GetDirectoryContents(System.String)">
            <inheritdoc />
        </member>
        <member name="M:Microsoft.Extensions.FileProviders.ManifestEmbeddedFileProvider.GetFileInfo(System.String)">
            <inheritdoc />
        </member>
        <member name="M:Microsoft.Extensions.FileProviders.ManifestEmbeddedFileProvider.Watch(System.String)">
            <inheritdoc />
        </member>
        <member name="M:Microsoft.AspNetCore.Shared.ArgumentNullThrowHelper.ThrowIfNull(System.Object,System.String)">
            <summary>Throws an <see cref="T:System.ArgumentNullException"/> if <paramref name="argument"/> is null.</summary>
            <param name="argument">The reference type argument to validate as non-null.</param>
            <param name="paramName">The name of the parameter with which <paramref name="argument"/> corresponds.</param>
        </member>
        <member name="T:System.Diagnostics.CodeAnalysis.RequiresUnreferencedCodeAttribute">
            <summary>
            Indicates that the specified method requires dynamic access to code that is not referenced
            statically, for example through <see cref="N:System.Reflection"/>.
            </summary>
            <remarks>
            This allows tools to understand which methods are unsafe to call when removing unreferenced
            code from an application.
            </remarks>
        </member>
        <member name="M:System.Diagnostics.CodeAnalysis.RequiresUnreferencedCodeAttribute.#ctor(System.String)">
            <summary>
            Initializes a new instance of the <see cref="T:System.Diagnostics.CodeAnalysis.RequiresUnreferencedCodeAttribute"/> class
            with the specified message.
            </summary>
            <param name="message">
            A message that contains information about the usage of unreferenced code.
            </param>
        </member>
        <member name="P:System.Diagnostics.CodeAnalysis.RequiresUnreferencedCodeAttribute.Message">
            <summary>
            Gets a message that contains information about the usage of unreferenced code.
            </summary>
        </member>
        <member name="P:System.Diagnostics.CodeAnalysis.RequiresUnreferencedCodeAttribute.Url">
            <summary>
            Gets or sets an optional URL that contains more information about the method,
            why it requires unreferenced code, and what options a consumer has to deal with it.
            </summary>
        </member>
        <member name="T:System.Diagnostics.CodeAnalysis.RequiresDynamicCodeAttribute">
            <summary>
            Indicates that the specified method requires the ability to generate new code at runtime,
            for example through <see cref="N:System.Reflection"/>.
            </summary>
            <remarks>
            This allows tools to understand which methods are unsafe to call when compiling ahead of time.
            </remarks>
        </member>
        <member name="M:System.Diagnostics.CodeAnalysis.RequiresDynamicCodeAttribute.#ctor(System.String)">
            <summary>
            Initializes a new instance of the <see cref="T:System.Diagnostics.CodeAnalysis.RequiresDynamicCodeAttribute"/> class
            with the specified message.
            </summary>
            <param name="message">
            A message that contains information about the usage of dynamic code.
            </param>
        </member>
        <member name="P:System.Diagnostics.CodeAnalysis.RequiresDynamicCodeAttribute.Message">
            <summary>
            Gets a message that contains information about the usage of dynamic code.
            </summary>
        </member>
        <member name="P:System.Diagnostics.CodeAnalysis.RequiresDynamicCodeAttribute.Url">
            <summary>
            Gets or sets an optional URL that contains more information about the method,
            why it requires dynamic code, and what options a consumer has to deal with it.
            </summary>
        </member>
        <member name="T:System.Diagnostics.CodeAnalysis.UnconditionalSuppressMessageAttribute">
            <summary>
            Suppresses reporting of a specific rule violation, allowing multiple suppressions on a
            single code artifact.
            </summary>
            <remarks>
            <see cref="T:System.Diagnostics.CodeAnalysis.UnconditionalSuppressMessageAttribute"/> is different than
            <see cref="T:System.Diagnostics.CodeAnalysis.SuppressMessageAttribute"/> in that it doesn't have a
            <see cref="T:System.Diagnostics.ConditionalAttribute"/>. So it is always preserved in the compiled assembly.
            </remarks>
        </member>
        <member name="M:System.Diagnostics.CodeAnalysis.UnconditionalSuppressMessageAttribute.#ctor(System.String,System.String)">
            <summary>
            Initializes a new instance of the <see cref="T:System.Diagnostics.CodeAnalysis.UnconditionalSuppressMessageAttribute"/>
            class, specifying the category of the tool and the identifier for an analysis rule.
            </summary>
            <param name="category">The category for the attribute.</param>
            <param name="checkId">The identifier of the analysis rule the attribute applies to.</param>
        </member>
        <member name="P:System.Diagnostics.CodeAnalysis.UnconditionalSuppressMessageAttribute.Category">
            <summary>
            Gets the category identifying the classification of the attribute.
            </summary>
            <remarks>
            The <see cref="P:System.Diagnostics.CodeAnalysis.UnconditionalSuppressMessageAttribute.Category"/> property describes the tool or tool analysis category
            for which a message suppression attribute applies.
            </remarks>
        </member>
        <member name="P:System.Diagnostics.CodeAnalysis.UnconditionalSuppressMessageAttribute.CheckId">
            <summary>
            Gets the identifier of the analysis tool rule to be suppressed.
            </summary>
            <remarks>
            Concatenated together, the <see cref="P:System.Diagnostics.CodeAnalysis.UnconditionalSuppressMessageAttribute.Category"/> and <see cref="P:System.Diagnostics.CodeAnalysis.UnconditionalSuppressMessageAttribute.CheckId"/>
            properties form a unique check identifier.
            </remarks>
        </member>
        <member name="P:System.Diagnostics.CodeAnalysis.UnconditionalSuppressMessageAttribute.Scope">
            <summary>
            Gets or sets the scope of the code that is relevant for the attribute.
            </summary>
            <remarks>
            The Scope property is an optional argument that specifies the metadata scope for which
            the attribute is relevant.
            </remarks>
        </member>
        <member name="P:System.Diagnostics.CodeAnalysis.UnconditionalSuppressMessageAttribute.Target">
            <summary>
            Gets or sets a fully qualified path that represents the target of the attribute.
            </summary>
            <remarks>
            The <see cref="P:System.Diagnostics.CodeAnalysis.UnconditionalSuppressMessageAttribute.Target"/> property is an optional argument identifying the analysis target
            of the attribute. An example value is "System.IO.Stream.ctor():System.Void".
            Because it is fully qualified, it can be long, particularly for targets such as parameters.
            The analysis tool user interface should be capable of automatically formatting the parameter.
            </remarks>
        </member>
        <member name="P:System.Diagnostics.CodeAnalysis.UnconditionalSuppressMessageAttribute.MessageId">
            <summary>
            Gets or sets an optional argument expanding on exclusion criteria.
            </summary>
            <remarks>
            The <see cref="P:System.Diagnostics.CodeAnalysis.UnconditionalSuppressMessageAttribute.MessageId"/> property is an optional argument that specifies additional
            exclusion where the literal metadata target is not sufficiently precise. For example,
            the <see cref="T:System.Diagnostics.CodeAnalysis.UnconditionalSuppressMessageAttribute"/> cannot be applied within a method,
            and it may be desirable to suppress a violation against a statement in the method that will
            give a rule violation, but not against all statements in the method.
            </remarks>
        </member>
        <member name="P:System.Diagnostics.CodeAnalysis.UnconditionalSuppressMessageAttribute.Justification">
            <summary>
            Gets or sets the justification for suppressing the code analysis message.
            </summary>
        </member>
        <member name="T:System.Diagnostics.CodeAnalysis.DynamicDependencyAttribute">
            <summary>
            States a dependency that one member has on another.
            </summary>
            <remarks>
            This can be used to inform tooling of a dependency that is otherwise not evident purely from
            metadata and IL, for example a member relied on via reflection.
            </remarks>
        </member>
        <member name="M:System.Diagnostics.CodeAnalysis.DynamicDependencyAttribute.#ctor(System.String)">
            <summary>
            Initializes a new instance of the <see cref="T:System.Diagnostics.CodeAnalysis.DynamicDependencyAttribute"/> class
            with the specified signature of a member on the same type as the consumer.
            </summary>
            <param name="memberSignature">The signature of the member depended on.</param>
        </member>
        <member name="M:System.Diagnostics.CodeAnalysis.DynamicDependencyAttribute.#ctor(System.String,System.Type)">
            <summary>
            Initializes a new instance of the <see cref="T:System.Diagnostics.CodeAnalysis.DynamicDependencyAttribute"/> class
            with the specified signature of a member on a <see cref="T:System.Type"/>.
            </summary>
            <param name="memberSignature">The signature of the member depended on.</param>
            <param name="type">The <see cref="T:System.Type"/> containing <paramref name="memberSignature"/>.</param>
        </member>
        <member name="M:System.Diagnostics.CodeAnalysis.DynamicDependencyAttribute.#ctor(System.String,System.String,System.String)">
            <summary>
            Initializes a new instance of the <see cref="T:System.Diagnostics.CodeAnalysis.DynamicDependencyAttribute"/> class
            with the specified signature of a member on a type in an assembly.
            </summary>
            <param name="memberSignature">The signature of the member depended on.</param>
            <param name="typeName">The full name of the type containing the specified member.</param>
            <param name="assemblyName">The assembly name of the type containing the specified member.</param>
        </member>
        <member name="M:System.Diagnostics.CodeAnalysis.DynamicDependencyAttribute.#ctor(System.Diagnostics.CodeAnalysis.DynamicallyAccessedMemberTypes,System.Type)">
            <summary>
            Initializes a new instance of the <see cref="T:System.Diagnostics.CodeAnalysis.DynamicDependencyAttribute"/> class
            with the specified types of members on a <see cref="T:System.Type"/>.
            </summary>
            <param name="memberTypes">The types of members depended on.</param>
            <param name="type">The <see cref="T:System.Type"/> containing the specified members.</param>
        </member>
        <member name="M:System.Diagnostics.CodeAnalysis.DynamicDependencyAttribute.#ctor(System.Diagnostics.CodeAnalysis.DynamicallyAccessedMemberTypes,System.String,System.String)">
            <summary>
            Initializes a new instance of the <see cref="T:System.Diagnostics.CodeAnalysis.DynamicDependencyAttribute"/> class
            with the specified types of members on a type in an assembly.
            </summary>
            <param name="memberTypes">The types of members depended on.</param>
            <param name="typeName">The full name of the type containing the specified members.</param>
            <param name="assemblyName">The assembly name of the type containing the specified members.</param>
        </member>
        <member name="P:System.Diagnostics.CodeAnalysis.DynamicDependencyAttribute.MemberSignature">
            <summary>
            Gets the signature of the member depended on.
            </summary>
            <remarks>
            Either <see cref="P:System.Diagnostics.CodeAnalysis.DynamicDependencyAttribute.MemberSignature"/> must be a valid string or <see cref="P:System.Diagnostics.CodeAnalysis.DynamicDependencyAttribute.MemberTypes"/>
            must not equal <see cref="F:System.Diagnostics.CodeAnalysis.DynamicallyAccessedMemberTypes.None"/>, but not both.
            </remarks>
        </member>
        <member name="P:System.Diagnostics.CodeAnalysis.DynamicDependencyAttribute.MemberTypes">
            <summary>
            Gets the <see cref="T:System.Diagnostics.CodeAnalysis.DynamicallyAccessedMemberTypes"/> which specifies the type
            of members depended on.
            </summary>
            <remarks>
            Either <see cref="P:System.Diagnostics.CodeAnalysis.DynamicDependencyAttribute.MemberSignature"/> must be a valid string or <see cref="P:System.Diagnostics.CodeAnalysis.DynamicDependencyAttribute.MemberTypes"/>
            must not equal <see cref="F:System.Diagnostics.CodeAnalysis.DynamicallyAccessedMemberTypes.None"/>, but not both.
            </remarks>
        </member>
        <member name="P:System.Diagnostics.CodeAnalysis.DynamicDependencyAttribute.Type">
            <summary>
            Gets the <see cref="T:System.Type"/> containing the specified member.
            </summary>
            <remarks>
            If neither <see cref="P:System.Diagnostics.CodeAnalysis.DynamicDependencyAttribute.Type"/> nor <see cref="P:System.Diagnostics.CodeAnalysis.DynamicDependencyAttribute.TypeName"/> are specified,
            the type of the consumer is assumed.
            </remarks>
        </member>
        <member name="P:System.Diagnostics.CodeAnalysis.DynamicDependencyAttribute.TypeName">
            <summary>
            Gets the full name of the type containing the specified member.
            </summary>
            <remarks>
            If neither <see cref="P:System.Diagnostics.CodeAnalysis.DynamicDependencyAttribute.Type"/> nor <see cref="P:System.Diagnostics.CodeAnalysis.DynamicDependencyAttribute.TypeName"/> are specified,
            the type of the consumer is assumed.
            </remarks>
        </member>
        <member name="P:System.Diagnostics.CodeAnalysis.DynamicDependencyAttribute.AssemblyName">
            <summary>
            Gets the assembly name of the specified type.
            </summary>
            <remarks>
            <see cref="P:System.Diagnostics.CodeAnalysis.DynamicDependencyAttribute.AssemblyName"/> is only valid when <see cref="P:System.Diagnostics.CodeAnalysis.DynamicDependencyAttribute.TypeName"/> is specified.
            </remarks>
        </member>
        <member name="P:System.Diagnostics.CodeAnalysis.DynamicDependencyAttribute.Condition">
            <summary>
            Gets or sets the condition in which the dependency is applicable, e.g. "DEBUG".
            </summary>
        </member>
        <member name="T:System.Diagnostics.CodeAnalysis.DynamicallyAccessedMembersAttribute">
             <summary>
             Indicates that certain members on a specified <see cref="T:System.Type"/> are accessed dynamically,
             for example through <see cref="N:System.Reflection"/>.
             </summary>
             <remarks>
             This allows tools to understand which members are being accessed during the execution
             of a program.
            
             This attribute is valid on members whose type is <see cref="T:System.Type"/> or <see cref="T:System.String"/>.
            
             When this attribute is applied to a location of type <see cref="T:System.String"/>, the assumption is
             that the string represents a fully qualified type name.
            
             When this attribute is applied to a class, interface, or struct, the members specified
             can be accessed dynamically on <see cref="T:System.Type"/> instances returned from calling
             <see cref="M:System.Object.GetType"/> on instances of that class, interface, or struct.
            
             If the attribute is applied to a method it's treated as a special case and it implies
             the attribute should be applied to the "this" parameter of the method. As such the attribute
             should only be used on instance methods of types assignable to System.Type (or string, but no methods
             will use it there).
             </remarks>
        </member>
        <member name="M:System.Diagnostics.CodeAnalysis.DynamicallyAccessedMembersAttribute.#ctor(System.Diagnostics.CodeAnalysis.DynamicallyAccessedMemberTypes)">
            <summary>
            Initializes a new instance of the <see cref="T:System.Diagnostics.CodeAnalysis.DynamicallyAccessedMembersAttribute"/> class
            with the specified member types.
            </summary>
            <param name="memberTypes">The types of members dynamically accessed.</param>
        </member>
        <member name="P:System.Diagnostics.CodeAnalysis.DynamicallyAccessedMembersAttribute.MemberTypes">
            <summary>
            Gets the <see cref="T:System.Diagnostics.CodeAnalysis.DynamicallyAccessedMemberTypes"/> which specifies the type
            of members dynamically accessed.
            </summary>
        </member>
        <member name="T:System.Diagnostics.CodeAnalysis.DynamicallyAccessedMemberTypes">
             <summary>
             Specifies the types of members that are dynamically accessed.
            
             This enumeration has a <see cref="T:System.FlagsAttribute"/> attribute that allows a
             bitwise combination of its member values.
             </summary>
        </member>
        <member name="F:System.Diagnostics.CodeAnalysis.DynamicallyAccessedMemberTypes.None">
            <summary>
            Specifies no members.
            </summary>
        </member>
        <member name="F:System.Diagnostics.CodeAnalysis.DynamicallyAccessedMemberTypes.PublicParameterlessConstructor">
            <summary>
            Specifies the default, parameterless public constructor.
            </summary>
        </member>
        <member name="F:System.Diagnostics.CodeAnalysis.DynamicallyAccessedMemberTypes.PublicConstructors">
            <summary>
            Specifies all public constructors.
            </summary>
        </member>
        <member name="F:System.Diagnostics.CodeAnalysis.DynamicallyAccessedMemberTypes.NonPublicConstructors">
            <summary>
            Specifies all non-public constructors.
            </summary>
        </member>
        <member name="F:System.Diagnostics.CodeAnalysis.DynamicallyAccessedMemberTypes.PublicMethods">
            <summary>
            Specifies all public methods.
            </summary>
        </member>
        <member name="F:System.Diagnostics.CodeAnalysis.DynamicallyAccessedMemberTypes.NonPublicMethods">
            <summary>
            Specifies all non-public methods.
            </summary>
        </member>
        <member name="F:System.Diagnostics.CodeAnalysis.DynamicallyAccessedMemberTypes.PublicFields">
            <summary>
            Specifies all public fields.
            </summary>
        </member>
        <member name="F:System.Diagnostics.CodeAnalysis.DynamicallyAccessedMemberTypes.NonPublicFields">
            <summary>
            Specifies all non-public fields.
            </summary>
        </member>
        <member name="F:System.Diagnostics.CodeAnalysis.DynamicallyAccessedMemberTypes.PublicNestedTypes">
            <summary>
            Specifies all public nested types.
            </summary>
        </member>
        <member name="F:System.Diagnostics.CodeAnalysis.DynamicallyAccessedMemberTypes.NonPublicNestedTypes">
            <summary>
            Specifies all non-public nested types.
            </summary>
        </member>
        <member name="F:System.Diagnostics.CodeAnalysis.DynamicallyAccessedMemberTypes.PublicProperties">
            <summary>
            Specifies all public properties.
            </summary>
        </member>
        <member name="F:System.Diagnostics.CodeAnalysis.DynamicallyAccessedMemberTypes.NonPublicProperties">
            <summary>
            Specifies all non-public properties.
            </summary>
        </member>
        <member name="F:System.Diagnostics.CodeAnalysis.DynamicallyAccessedMemberTypes.PublicEvents">
            <summary>
            Specifies all public events.
            </summary>
        </member>
        <member name="F:System.Diagnostics.CodeAnalysis.DynamicallyAccessedMemberTypes.NonPublicEvents">
            <summary>
            Specifies all non-public events.
            </summary>
        </member>
        <member name="F:System.Diagnostics.CodeAnalysis.DynamicallyAccessedMemberTypes.Interfaces">
            <summary>
            Specifies all interfaces implemented by the type.
            </summary>
        </member>
        <member name="F:System.Diagnostics.CodeAnalysis.DynamicallyAccessedMemberTypes.All">
            <summary>
            Specifies all members.
            </summary>
        </member>
        <member name="T:System.Diagnostics.CodeAnalysis.AllowNullAttribute">
            <summary>Specifies that null is allowed as an input even if the corresponding type disallows it.</summary>
        </member>
        <member name="T:System.Diagnostics.CodeAnalysis.DisallowNullAttribute">
            <summary>Specifies that null is disallowed as an input even if the corresponding type allows it.</summary>
        </member>
        <member name="T:System.Diagnostics.CodeAnalysis.MaybeNullAttribute">
            <summary>Specifies that an output may be null even if the corresponding type disallows it.</summary>
        </member>
        <member name="T:System.Diagnostics.CodeAnalysis.NotNullAttribute">
            <summary>Specifies that an output will not be null even if the corresponding type allows it. Specifies that an input argument was not null when the call returns.</summary>
        </member>
        <member name="T:System.Diagnostics.CodeAnalysis.MaybeNullWhenAttribute">
            <summary>Specifies that when a method returns <see cref="P:System.Diagnostics.CodeAnalysis.MaybeNullWhenAttribute.ReturnValue"/>, the parameter may be null even if the corresponding type disallows it.</summary>
        </member>
        <member name="M:System.Diagnostics.CodeAnalysis.MaybeNullWhenAttribute.#ctor(System.Boolean)">
            <summary>Initializes the attribute with the specified return value condition.</summary>
            <param name="returnValue">
            The return value condition. If the method returns this value, the associated parameter may be null.
            </param>
        </member>
        <member name="P:System.Diagnostics.CodeAnalysis.MaybeNullWhenAttribute.ReturnValue">
            <summary>Gets the return value condition.</summary>
        </member>
        <member name="T:System.Diagnostics.CodeAnalysis.NotNullWhenAttribute">
            <summary>Specifies that when a method returns <see cref="P:System.Diagnostics.CodeAnalysis.NotNullWhenAttribute.ReturnValue"/>, the parameter will not be null even if the corresponding type allows it.</summary>
        </member>
        <member name="M:System.Diagnostics.CodeAnalysis.NotNullWhenAttribute.#ctor(System.Boolean)">
            <summary>Initializes the attribute with the specified return value condition.</summary>
            <param name="returnValue">
            The return value condition. If the method returns this value, the associated parameter will not be null.
            </param>
        </member>
        <member name="P:System.Diagnostics.CodeAnalysis.NotNullWhenAttribute.ReturnValue">
            <summary>Gets the return value condition.</summary>
        </member>
        <member name="T:System.Diagnostics.CodeAnalysis.NotNullIfNotNullAttribute">
            <summary>Specifies that the output will be non-null if the named parameter is non-null.</summary>
        </member>
        <member name="M:System.Diagnostics.CodeAnalysis.NotNullIfNotNullAttribute.#ctor(System.String)">
            <summary>Initializes the attribute with the associated parameter name.</summary>
            <param name="parameterName">
            The associated parameter name.  The output will be non-null if the argument to the parameter specified is non-null.
            </param>
        </member>
        <member name="P:System.Diagnostics.CodeAnalysis.NotNullIfNotNullAttribute.ParameterName">
            <summary>Gets the associated parameter name.</summary>
        </member>
        <member name="T:System.Diagnostics.CodeAnalysis.DoesNotReturnAttribute">
            <summary>Applied to a method that will never return under any circumstance.</summary>
        </member>
        <member name="T:System.Diagnostics.CodeAnalysis.DoesNotReturnIfAttribute">
            <summary>Specifies that the method will not return if the associated Boolean parameter is passed the specified value.</summary>
        </member>
        <member name="M:System.Diagnostics.CodeAnalysis.DoesNotReturnIfAttribute.#ctor(System.Boolean)">
            <summary>Initializes the attribute with the specified parameter value.</summary>
            <param name="parameterValue">
            The condition parameter value. Code after the method will be considered unreachable by diagnostics if the argument to
            the associated parameter matches this value.
            </param>
        </member>
        <member name="P:System.Diagnostics.CodeAnalysis.DoesNotReturnIfAttribute.ParameterValue">
            <summary>Gets the condition parameter value.</summary>
        </member>
        <member name="T:System.Diagnostics.CodeAnalysis.MemberNotNullAttribute">
            <summary>Specifies that the method or property will ensure that the listed field and property members have not-null values.</summary>
        </member>
        <member name="M:System.Diagnostics.CodeAnalysis.MemberNotNullAttribute.#ctor(System.String)">
            <summary>Initializes the attribute with a field or property member.</summary>
            <param name="member">
            The field or property member that is promised to be not-null.
            </param>
        </member>
        <member name="M:System.Diagnostics.CodeAnalysis.MemberNotNullAttribute.#ctor(System.String[])">
            <summary>Initializes the attribute with the list of field and property members.</summary>
            <param name="members">
            The list of field and property members that are promised to be not-null.
            </param>
        </member>
        <member name="P:System.Diagnostics.CodeAnalysis.MemberNotNullAttribute.Members">
            <summary>Gets field or property member names.</summary>
        </member>
        <member name="T:System.Diagnostics.CodeAnalysis.MemberNotNullWhenAttribute">
            <summary>Specifies that the method or property will ensure that the listed field and property members have not-null values when returning with the specified return value condition.</summary>
        </member>
        <member name="M:System.Diagnostics.CodeAnalysis.MemberNotNullWhenAttribute.#ctor(System.Boolean,System.String)">
            <summary>Initializes the attribute with the specified return value condition and a field or property member.</summary>
            <param name="returnValue">
            The return value condition. If the method returns this value, the associated parameter will not be null.
            </param>
            <param name="member">
            The field or property member that is promised to be not-null.
            </param>
        </member>
        <member name="M:System.Diagnostics.CodeAnalysis.MemberNotNullWhenAttribute.#ctor(System.Boolean,System.String[])">
            <summary>Initializes the attribute with the specified return value condition and list of field and property members.</summary>
            <param name="returnValue">
            The return value condition. If the method returns this value, the associated parameter will not be null.
            </param>
            <param name="members">
            The list of field and property members that are promised to be not-null.
            </param>
        </member>
        <member name="P:System.Diagnostics.CodeAnalysis.MemberNotNullWhenAttribute.ReturnValue">
            <summary>Gets the return value condition.</summary>
        </member>
        <member name="P:System.Diagnostics.CodeAnalysis.MemberNotNullWhenAttribute.Members">
            <summary>Gets field or property member names.</summary>
        </member>
    </members>
</doc>
