<customUI xmlns="http://schemas.microsoft.com/office/2009/07/customui">
	<ribbon>
		<tabs>
			<tab id="krFormula" label="KR数式" insertBeforeMso="TabHome">
				<group id="CommonFormula" label="共通数式">
					<button id="SlopeToAngle" label="勾配=>角度"
							screentip="勾配を角度に変換"
							getImage="GetImage"
							onAction="SlopeToAngle_BtnPressed"
					/>

					<button id="AngleToDMS" label="度数フォマットを変化"
							screentip="度数フォマットを変化"
							getImage="GetImage"
							onAction="AngleToDMS_BtnPressed"
					/>

					<button id="GetFrontEdgeFromAngle" label="斜辺計算"
							screentip="斜辺計算"
							getImage="GetImage"
							onAction="GetFrontEdgeFromAngle_BtnPressed"
					/>

				</group>
				
				<group id="KR9K_Bolt_Count" label="KR9000用ボルト数え">
					<button id="KR9K_BotAB_Bolt" label="ボトムAB用M4x16"
							screentip="ボトムレールAB用M4x16を数え"
							getImage="GetImage"
							onAction="KR9K_BotAB_Bolt_BtnPressed"
					/>

					<button id="KR9K_BaPo_Bolt" label="ポリカー用M5x21"
							screentip="ポリカー用M5x21を数え"
							getImage="GetImage"
							onAction="KR9K_BaPo_Bolt_BtnPressed"
					/>

					<button id="GetSpareTorxScrew" label="ポリカー用M5x21の予備"
							screentip="ポリカー用M5x21数量の予備"
							getImage="GetImage"
							onAction="GetSpareTorxScrew_BtnPressed"
					/>
				</group>
			</tab>
			
			<!--<tab id="drawRealShape" label="実寸展開" insertBeforeMso="TabHome">
				<group id="KR9K" label="9000シリーズ">
					<button id="draw_KR9K_TopRail_Btn" label="トップレール"
							imageMso="_3DExtrusionDepthInfinityClassic"
							screentip="エクセルからトップレール実寸展開"
							onAction="Draw_KR9K_TopRail_BtnPressed"
					/>
				</group>
			</tab>-->
		</tabs>
	</ribbon>
</customUI>

<!--XDPlainList-->
<!--ControlProperties-->

<!--<customUI xmlns = 'http://schemas.microsoft.com/office/2006/01/customui'>
	<ribbon>
		<tabs>
			<tab id='krExcelTab' label='KR-Excel' insertBeforeMso='TabHome'>
				<group id = 'krUtilGrp' label='KR-Utility'>
					<button id = 'projectBtn' label='物件管理'
											imageMso='ControlProperties'
											screentip='Show/edit user settings'
											onAction='OnProjectBtnPressed'
                        />

					<button id = 'sampleFrmBtn' label='SampleForm'
											  imageMso='DataFormSource'
											  screentip='Show sample form'
											  onAction='OnSampleFrmBtnPressed'
                        />

				</group >
			</tab>
		</tabs>
	</ribbon>
</customUI>-->

<!--<ItemGroup>
		<None Update="CustomRibbon.xml">
			<CopyToOutputDirectory>PreserveNewest</CopyToOutputDirectory>
		</None>
		<EmbeddedResource Include="CustomRibbon.xml" />
	</ItemGroup>-->

<!--<CustomUI>
		<customUI xmlns='http://schemas.microsoft.com/office/2009/07/customui'>
			<ribbon>
				<tabs>
					<tab id='myFirstTab' label='My First Tab' visible='true'>
						<group id='myFirstGroup' label='My First Group' visible='true'>
							<button id='myFirstButton' label='My First Button' size='large' imageMso='HappyFace' onAction='SayHello' visible='true'/>
						</group >
					</tab>
				</tabs>
			</ribbon>
		</customUI>
		
		<customUI xmlns = 'http://schemas.microsoft.com/office/2006/01/customui' >
			<ribbon>
				<tabs>
					<tab id='krExcelTab' label='KR-Excel' insertBeforeMso='TabHome'>
						<group id = 'krUtilGrp' label='KR-Utility'>
							<button id = 'projectBtn' label='物件管理'
									imageMso='ControlProperties'
									screentip='Show/edit user settings'
									onAction='OnProjectBtnPressed'
							/>

							<button id = 'sampleFrmBtn' label='SampleForm'
									imageMso='DataFormSource'
									screentip='Show sample form'
									onAction='OnSampleFrmBtnPressed'
							/>

						</group >
					</tab>
				</tabs>
			</ribbon>
		</customUI>
		
		
	</CustomUI>-->