<customUI xmlns="http://schemas.microsoft.com/office/2009/07/customui">
	<ribbon>
		<tabs>
			<tab id="krExcelTab" label="KR-Excel" insertBeforeMso="TabHome">
				<group id="krUtilGrp" label="KR-Utility">
					
					<button id="countAcadModelBtn" label="Count AcadModel"
							imageMso="CalculatedNumber"
							screentip="Count entities inside Acad ModelSpace"
							onAction="OnCountAcadModelBtnPressed"
					/>

					<button id="excelDrawAcadLinesBtn" label="Draw AcadLines"
							imageMso="LineTool"
							screentip="Draw AcadLines from Excel"
							onAction="OnExcelDrawAcadLinesBtnPressed"
					/>

					<button id="excelDrawAcadCirclesBtn" label="Draw AcadCircles"
							imageMso="CircleHotspot"
							screentip="Draw AcadCircles from Excel"
							onAction="OnExcelDrawAcadCirclesBtnPressed"
					/>

					<button id="changeActiveCellBtn" label="現在セル変化"
							imageMso="CellProperties"
							onAction="OnChangeActiveCellBtnPressed"
					/>

					<button id="copyBtn" label="コピー"
							imageMso="Copy"
							onAction="OnCopyBtnPressed"
					/>

					<button id="pasteBtn" label="貼付"
							imageMso="Paste"
							onAction="OnPasteBtnPressed"
					/>
					
					<button id = "sampleFrmBtn" label="フォームのサンプル"
											  imageMso="DataFormSource"
											  onAction="OnSampleFrmBtnPressed"
                    />
					
				</group>
			</tab>
		</tabs>
	</ribbon>
</customUI>

<!--XDPlainList-->
<!--ControlProperties-->

<!--<customUI xmlns = 'http://schemas.microsoft.com/office/2006/01/customui'>
	<ribbon>
		<tabs>
			<tab id='krExcelTab' label='KR-Excel' insertBeforeMso='TabHome'>
				<group id = 'krUtilGrp' label='KR-Utility'>
					<button id = 'projectBtn' label='物件管理'
											imageMso='ControlProperties'
											screentip='Show/edit user settings'
											onAction='OnProjectBtnPressed'
                        />

					<button id = 'sampleFrmBtn' label='SampleForm'
											  imageMso='DataFormSource'
											  screentip='Show sample form'
											  onAction='OnSampleFrmBtnPressed'
                        />

				</group >
			</tab>
		</tabs>
	</ribbon>
</customUI>-->

<!--<ItemGroup>
		<None Update="CustomRibbon.xml">
			<CopyToOutputDirectory>PreserveNewest</CopyToOutputDirectory>
		</None>
		<EmbeddedResource Include="CustomRibbon.xml" />
	</ItemGroup>-->

<!--<CustomUI>
		<customUI xmlns='http://schemas.microsoft.com/office/2009/07/customui'>
			<ribbon>
				<tabs>
					<tab id='myFirstTab' label='My First Tab' visible='true'>
						<group id='myFirstGroup' label='My First Group' visible='true'>
							<button id='myFirstButton' label='My First Button' size='large' imageMso='HappyFace' onAction='SayHello' visible='true'/>
						</group >
					</tab>
				</tabs>
			</ribbon>
		</customUI>
		
		<customUI xmlns = 'http://schemas.microsoft.com/office/2006/01/customui' >
			<ribbon>
				<tabs>
					<tab id='krExcelTab' label='KR-Excel' insertBeforeMso='TabHome'>
						<group id = 'krUtilGrp' label='KR-Utility'>
							<button id = 'projectBtn' label='物件管理'
									imageMso='ControlProperties'
									screentip='Show/edit user settings'
									onAction='OnProjectBtnPressed'
							/>

							<button id = 'sampleFrmBtn' label='SampleForm'
									imageMso='DataFormSource'
									screentip='Show sample form'
									onAction='OnSampleFrmBtnPressed'
							/>

						</group >
					</tab>
				</tabs>
			</ribbon>
		</customUI>
		
		
	</CustomUI>-->